<library path="lib/libJumpControl">
  <class name="autorally_control/JumpControl" type="autorally_control::JumpControl" base_class_type="nodelet::Nodelet">
    <description>
    Controller nodelet for when the vehicle is airborne
    </description>
  </class>
</library>

<library path="lib/libJumpControlOptimal">
  <class name="autorally_control/JumpControlOptimal" type="autorally_control::JumpControlOptimal" base_class_type="nodelet::Nodelet">
    <description>
    Controller nodelet for when the vehicle is airborne
    </description>
  </class>
</library>

<library path="lib/libConstantSpeedController">
  <class name="autorally_control/ConstantSpeedController" type="autorally_control::ConstantSpeedController" base_class_type="nodelet::Nodelet">
    <description>
    Drive robot at a constant speed using wheel speed data
    </description>
  </class>
</library>

<library path="lib/libmppi_nodelet">
  <class name="autorally_control/MPPINodelet" type="autorally_control::MPPINodelet" base_class_type="nodelet::Nodelet">
    <description>
    Nodeletized MPPI 
    </description>
  </class>
</library>

<library path="lib/libL1control">
  <class name="autorally_control/L1control" type="autorally_control::L1control" base_class_type="nodelet::Nodelet">
    <description>
    Drive robot at a constant speed using wheel speed data
    </description>
  </class>
</library>