<library path="lib/libArduinoOnboard">
  <class name="autorally_core/ArduinoOnboard" type="autorally_core::ArduinoOnboard" base_class_type="nodelet::Nodelet">
    <description>
    IMU nodelet
    </description>
  </class>
</library>

<library path="lib/libAutoRallyChassis">
  <class name="autorally_core/AutoRallyChassis" type="autorally_core::AutoRallyChassis" base_class_type="nodelet::Nodelet">
    <description>
    Interface nodelet for an AutoRally chassis
    </description>
  </class>
</library>

<library path="lib/libCameraAutoBalancePtGrey">
  <class name="autorally_core/CameraAutoBalancePtGrey" type="autorally_core::CameraAutoBalancePtGrey" base_class_type="nodelet::Nodelet">
  </class>
</library>

<library path="lib/libCameraAutoBalanceFLIR">
  <class name="autorally_core/CameraAutoBalanceFLIR" type="autorally_core::CameraAutoBalanceFLIR" base_class_type="nodelet::Nodelet">
  </class>
</library>

<library path="lib/libImageRepublisher">
  <class name="autorally_core/ImageRepublisher" type="autorally_core::ImageRepublisher" base_class_type="nodelet::Nodelet">
    <description>
    Image republisher for OCS display
    </description>
  </class>
</library>

<library path="lib/libServoInterface">
  <class name="autorally_core/ServoInterface" type="autorally_core::ServoInterface" base_class_type="nodelet::Nodelet">
    <description>
    ServoInterface nodelet
    </description>
  </class>
</library>

<library path="lib/libCameraTrigger">
  <class name="autorally_core/CameraTrigger" type="autorally_core::CameraTrigger" base_class_type="nodelet::Nodelet">
    <description>
    Camera Trigger nodelet
    </description>
  </class>
</library>
